Label,Caption
general,â€œEmbrace the glorious mess that you are.â€
general,â€œLife is short; make every hair flip count.â€
general,"â€œSmile big, laugh often.â€"
general,â€œSecond favorite f word isâ€¦â€
general,â€œAlways the same mistakeâ€
general,"â€œMy perfect Instagram caption, this!â€"
general,"â€œDream without fear, love without limits.â€"
general,"â€œWhatever is good for the soul, do that.â€"
general,"â€œLess perfection, more authenticity.â€"
general,"â€œTake only pictures, leave only footprints.â€"
general,â€œLife is better when youâ€™re laughing.â€
general,â€œDare to be a doughnut in a world of plain bagels.â€
general,"â€œIâ€™m not high maintenance, youâ€™re just low effort.â€"
general,"â€œIâ€™m not a shopaholic, Iâ€™m helping the economy.â€"
general,â€œA selfie a day keeps the insecurities away.â€
general,"â€œIâ€™m not lazy, Iâ€™m on energy-saving mode.â€"
general,â€œJust because youâ€™re awake doesnâ€™t mean you should stop dreaming.â€
general,"â€œBe a voice, not an echo.â€"
general,"â€œI donâ€™t have dreams, I have goals.â€"
general,â€œYou did not wake up today to be mediocre.â€
general,â€œI was born to stand out.â€
general,"â€œStop doubting yourself, work hard, and make it happen.â€"
general,â€œP.S. Iâ€™m still not over you.â€
general,â€˜iâ€™m just a girl on your Instagram feed.â€
general,"â€œYou can regret a lot of things, but youâ€™ll never regret being kind.â€"
general,â€œDo more things that make you forget to check your phone.â€
general,â€œWhy chase you when Iâ€™m the catch?â€
general,"â€œWorking on myself, by myself, for myself.â€"
general,"These captions cover a wide range of moods and themes, suitable for different types of Instagram posts."
general,Funny Instagram Captions
funny,â€œIâ€™m not great at advice; can I interest you in a sarcastic comment?â€
funny,"â€œIâ€™m on a seafood diet. I see food, and I eat it.â€"
funny,â€œIâ€™m not arguing; Iâ€™m just explaining why Iâ€™m right.â€
funny,â€œIâ€™m not lazy; Iâ€™m just very relaxed.â€
funny,â€œWhy fall in love when you can fall asleep?â€
funny,"â€œI used to think I was indecisive, but now Iâ€™m not too sure.â€"
funny,â€œIâ€™m not short; Iâ€™m concentrated awesome.â€
funny,â€œIâ€™m not fat; Iâ€™m just easier to see.â€
funny,â€œIâ€™m not old; Iâ€™m vintage.â€
funny,â€œIâ€™m not arguing; Iâ€™m just telling you why Iâ€™m right.â€
funny,â€œIâ€™m not bossy; I just know what you should be doing.â€
funny,â€œIâ€™m not weird; Iâ€™m a limited edition.â€
funny,â€œIâ€™m not clumsy; the floor just hates me.â€
funny,â€œIâ€™m not late; Iâ€™m just on time-ish.â€
funny,â€œIâ€™m not ignoring you; Iâ€™m just busy being awesome.â€
funny,â€œIâ€™m not a morning person or a night person. Iâ€™m a nap person.â€
funny,â€œIâ€™m not shy; Iâ€™m holding back my awesomeness.â€
funny,â€œIâ€™m not a snack; Iâ€™m the whole picnic.â€
funny,â€œIâ€™m not a hot mess; Iâ€™m a spicy disaster.â€
funny,â€œIâ€™m not lost; Iâ€™m exploring.â€
funny,Best Instagram Captions
top,â€œBe the best version of you.â€
top,"â€œDo what you love, and youâ€™ll never work a day in your life.â€"
top,â€œThe best is yet to come.â€
top,â€œThe best revenge is massive success.â€
top,â€œThe best time for new beginnings is now.â€
top,â€œThe best way to predict the future is to create it.â€
top,â€œThe best things in life are not things.â€
top,â€œThe best dreams happen when youâ€™re awake.â€
top,â€œThe best preparation for tomorrow is doing your best today.â€
top,â€œThe best way to get started is to quit talking and begin doing.â€
top,â€œThe best way to multiply your happiness is to share it with others.â€
top,â€œThe best way to succeed is to have a specific intent.â€
top,â€œThe best way to gain self-confidence is to do what you are afraid to do.â€
top,â€œThe best way to predict your future is to create it.â€
top,â€œThe best way to find yourself is to lose yourself in the service of others.â€
top,â€œThe best way to appreciate something is to be without it for a while.â€
top,â€œThe best way to find out if you can trust somebody is to trust them.â€
top,â€œThe best way to succeed in life is to act on the advice we give to others.â€
top,â€œThe best way to love is to love like you have never been hurt.â€
top,â€œThe best way to pay for a lovely moment is to enjoy it.â€
top,Birthday Instagram Captions
top,Celebrate birthdays with these joyful Instagram captions. You can also use them on Instagram stories.
top,â€œBirthdays are natureâ€™s way of feeding us cake.â€
top,"â€œAnother year older, none the wiser.â€"
top,â€œBirthdays are good for you. Statistics show that people who have the most live the longest.â€
top,"â€œHugs, kisses, and birthday wishes!â€"
top,"â€œOld enough to know better, young enough to do it anyway.â€"
top,"â€œOn this day, a queen was born.â€"
top,"â€œItâ€™s not the years that count, itâ€™s the memories you make over these years.â€"
top,â€œHereâ€™s to another year of fabulous you!â€
top,â€œKeep calm and celebrate on.â€
top,â€œMay your day be as bright as your smile.â€
top,â€œAging like fine wine. Typical me.â€
top,â€œCandles arenâ€™t the only thing getting lit this weekend.â€
top,â€œIâ€™m not getting older; Iâ€™m leveling up.â€
top,"â€œItâ€™s my party, and Iâ€™ll cry if I want to.â€"
top,â€œMake a wish and blow out the candles.â€
top,â€œSassy since birth.â€
top,â€œSurround yourself with people who are more excited about your birthday than you are.â€
top,"â€œThe older you get, the better you get, unless youâ€™re a banana.â€"
top,â€œTime to party like itâ€™s my birthdayâ€¦ because it is!â€
top,"â€œYou glow, birthday girl, all the soul!â€"
top,Cute Instagram Captions
misc,â€œCuteness overload!â€
misc,â€œKeep calm and be cute.â€
misc,"â€œCute as a button, but not quite as smart.â€"
misc,â€œIâ€™m not short; Iâ€™m just cute.â€
misc,â€œIâ€™m not arguing; Iâ€™m just explaining why Iâ€™m cute.â€
misc,â€œIâ€™m not fat; Iâ€™m just cute and chubby.â€
misc,â€œIâ€™m not weird; Iâ€™m just cute and quirky.â€
misc,â€œIâ€™m not a hot mess; Iâ€™m a cute mess.â€
misc,â€œIâ€™m not a snack; Iâ€™m a cute picnic.â€
misc,â€œIâ€™m not lost; Iâ€™m just on a cute adventure.â€
misc,â€œIâ€™m not a morning person; Iâ€™m a cute coffee person.â€
misc,â€œIâ€™m not shy; Iâ€™m just holding back my cuteness.â€
misc,â€œIâ€™m not clumsy; the floor just loves my cuteness.â€
misc,â€œIâ€™m not late; Iâ€™m just cutely on time-ish.â€
misc,â€œIâ€™m not ignoring you; Iâ€™m just busy being cute.â€
misc,â€œIâ€™m not a shopaholic; Iâ€™m just cute shopping.â€
misc,â€œIâ€™m not a party girl; Iâ€™m just a cute party animal.â€
misc,â€œIâ€™m not a nerd; Iâ€™m just cutely smart.â€
misc,â€œIâ€™m not a drama queen; Iâ€™m just a cute princess.â€
misc,â€œIâ€™m not a diva; Iâ€™m just confidently cute.â€
misc,Cool Instagram Captions
misc,â€œToo cool for school.â€
misc,"â€œStay cool, never freeze.â€"
misc,â€œCool as a cucumber.â€
misc,â€œKeep calm and stay cool.â€
misc,â€œIâ€™m not cool; Iâ€™m awesome.â€
misc,â€œCool kids never sleep.â€
misc,â€œCool vibes only.â€
misc,"â€œStay cool, honey bunny, best friend.â€"
misc,â€œCool for the summer.â€
misc,â€œCool people donâ€™t need to try.â€
misc,â€œCool is a state of mind.â€
misc,"â€œCool, calm, and collected.â€"
misc,"â€œCool as ice, but in the right hands, I melt.â€"
misc,"â€œCool story, bro.â€"
misc,â€œCool is the rule.â€
misc,â€œCool beans! What a wonderful place.â€
misc,â€œCool as a cat.â€
misc,"â€œCool breeze, palm trees.â€"
misc,â€œCool runnings and peace out.â€
misc,"â€œCool heads, warm hearts.â€"
misc,Beach Instagram Captions
beach,"â€œLifeâ€™s a beach, enjoy the waves.â€"
beach,"â€œSandy toes, sun-kissed nose.â€"
beach,"â€œBeach, please!â€"
beach,"â€œSalt in the air, sand in my hair.â€"
beach,â€œBeach days are the best days.â€
beach,â€œFind me under the palms.â€
beach,"â€œThe beach is calling, and I must go.â€"
beach,"â€œHigh tides, good vibes.â€"
beach,"â€œBeach more, worry less.â€"
beach,"â€œEat, beach, sleep, repeat.â€"
beach,â€œHappiness comes in waves.â€
beach,â€œLife is better at the beach.â€
beach,"â€œSun, sea, the sand, and me. Chase dreams, Justin Bieber dreams.â€"
beach,â€œThe oceanâ€™s roar is music to the soul.â€
beach,"â€œThe tans will fade, but the memories will last forever.â€"
beach,"â€œYou, me, and the sea.â€"
beach,â€œA pineapple a day keeps the worries away.â€
beach,â€œB.E.A.C.H.: Best Escape Anyone Can Have.â€
beach,"â€œCatch waves, not feelings.â€"
beach,â€œDream higher than the sky and deeper than the ocean.â€
beach,Winter Instagram Captions
winter,â€œWinter is coming.â€
winter,â€œSnowflakes are winterâ€™s butterflies.â€
winter,â€œWinter wonderland.â€
winter,â€œSweater weather is better weather.â€
winter,â€œWalking in a winter wonderland.â€
winter,"â€œLet it snow, let it snow, let it snow.â€"
winter,â€œWinter is a season of recovery and preparation.â€
winter,"â€œCold hands, warm heart.â€"
winter,â€œThe world changes when it snows.â€
winter,â€œSnowfall and winter gives us more reasons to cuddle.â€
winter,â€œHot cocoa + fuzzy socks = a cozy winter night.â€
winter,â€œSnow days are the best days.â€
winter,â€œSnow much fun!â€
winter,â€œFleece Navidad!â€
winter,â€œSnowmen are a little flaky.â€
winter,â€œChillinâ€™ with my mug and blanket like Baby Yoda.â€
winter,â€œSnow excited!â€
winter,â€œItâ€™s snow joke out here!â€
winter,"â€œIf kisses were snowflakes, Iâ€™d send you a blizzard.â€"
winter,â€œWinter hibernation mode on.â€
winter,Captions for Instagram post
winter,General captions that can be used for various Instagram posts.
winter,â€œLife is what happens when youâ€™re busy making other plans.â€
winter,â€œThe best time for a new beginning is now.â€
winter,â€œMake today amazing.â€
winter,"â€œDream big, sparkle more. Means more than a thousand words.â€"
winter,"â€œBelieve you can, and youâ€™re halfway there.â€"
winter,â€œCreate your own sunshine.â€
winter,"â€œSmile big, laugh often.â€"
winter,"â€œLess perfection, more authenticity.â€"
winter,â€œEmbrace the glorious mess that you are.â€
winter,â€œDo more of what makes you happy.â€
winter,â€œFind joy in the ordinary.â€
winter,â€œLife is short; make every hair flip count.â€
winter,"â€œBe a voice, not an echo.â€"
winter,â€œDare to be different.â€
winter,â€œYou did not wake up today to be mediocre.â€
winter,â€œMake today a masterpiece.â€
winter,â€œYou are enough.â€
winter,â€œDo what feels good.â€
winter,â€œHappiness looks gorgeous on you.â€
winter,â€œStart somewhere.â€
winter,Good Instagram Captions
positive,â€œGood vibes only.â€
positive,â€œGood times and tan lines.â€
positive,"â€œGood food, good mood.â€"
positive,â€œGood shoes take you good places.â€
positive,â€œGood friends are like stars.â€
positive,â€œGood things take time.â€
positive,â€œGood things come to those who hustle.â€
positive,â€œGood energy is contagious.â€
positive,â€œGood as gold.â€
positive,"â€œGood morning, sunshine!â€"
positive,"â€œGood night, moon!â€"
positive,â€œGood company in a journey makes the way seem shorter.â€
positive,â€œGood things happen to those who hustle.â€
positive,â€œGood people bring out the good in people.â€
positive,â€œGood vibes happen on the tides.â€
positive,â€œGood times never seemed so good.â€
positive,"â€œGood friends are hard to find, harder to leave, and impossible to forget.â€"
positive,â€œGood health and good sense are two of lifeâ€™s greatest blessings.â€
positive,â€œGood things come to those who believe.â€
positive,"â€œGood things come to those who wait, but better things come to those who go out and get them.â€"
positive,Christmas Instagram Captions
christmas,â€œMerry everything and a happy always.â€
christmas,â€œAll I want for Christmas is you.â€
christmas,â€œJingle all the way!â€
christmas,â€œHave yourself a merry little Christmas.â€
christmas,"â€œSleigh my name, sleigh my name.â€"
christmas,â€œFleece Navidad!â€
christmas,"â€œDear Santa, define â€˜nice.'â€"
christmas,â€œMake it a December to remember.â€
christmas,â€œSantaâ€™s favorite ho.â€
christmas,â€œFeelinâ€™ frosty.â€
christmas,â€œIâ€™m only a morning person on Christmas.â€
christmas,â€œItâ€™s the most wonderful time of the year.â€
christmas,â€œAll spruced up.â€
christmas,â€œChristmas cheer? I thought you said Christmas beer.â€
christmas,â€œChristmas is Claus for celebration.â€
christmas,â€œChristmas calories donâ€™t count.â€
christmas,â€œChristmas is not a season; itâ€™s a feeling.â€
christmas,â€œChristmas is too sparklyâ€¦ said no one ever.â€
christmas,"â€œChristmas magic is silent; you donâ€™t hear it, you feel it.â€"
christmas,"â€œChristmas waves a magic wand over the world, and behold, everything is softer and more beautiful.â€"
christmas,Clever Instagram Captions
christmas,Add a touch of wit to your posts with these clever Instagram captions. Thos are funny captions for Instagram too as well as clever Instagram caption options.
christmas,â€œIâ€™m not clever; I just wear glasses.â€
christmas,â€œClever as the devil and twice as pretty.â€
christmas,â€œIâ€™m not arguing; Iâ€™m just explaining why Iâ€™m clever.â€
christmas,â€œIâ€™m not a nerd; Iâ€™m just clever and smart.â€
christmas,â€œIâ€™m not a hot mess; Iâ€™m a clever masterpiece.â€
christmas,â€œIâ€™m not lost; Iâ€™m just on a clever adventure.â€
christmas,â€œIâ€™m not a morning person; Iâ€™m a clever coffee person.â€
christmas,â€œIâ€™m not shy; Iâ€™m just holding back my cleverness.â€
christmas,â€œIâ€™m not clumsy; the floor just loves my clever moves.â€
christmas,â€œIâ€™m not late; Iâ€™m just cleverly on time-ish.â€
christmas,â€œIâ€™m not ignoring you; Iâ€™m just busy being clever.â€
christmas,â€œIâ€™m not a shopaholic; Iâ€™m just clever shopping.â€
christmas,â€œIâ€™m not a party girl; Iâ€™m just a clever party animal.â€
christmas,â€œIâ€™m not a drama queen; Iâ€™m just a clever princess.â€
christmas,â€œIâ€™m not a diva; Iâ€™m just cleverly confident.â€
christmas,â€œIâ€™m not a snack; Iâ€™m a clever feast.â€
christmas,â€œIâ€™m not a rebel; Iâ€™m just cleverly unconventional.â€
christmas,â€œIâ€™m not a flirt; Iâ€™m just cleverly charming.â€
christmas,â€œIâ€™m not a dreamer; Iâ€™m just cleverly ambitious.â€
christmas,â€œIâ€™m not a follower; Iâ€™m just cleverly inspired.â€
christmas,Sassy Instagram Captions
sassy,"â€œSassy, classy, and a bit smart-assy.â€"
sassy,â€œIâ€™m not sassy; I just have a strong opinion.â€
sassy,â€œIâ€™m not arguing; Iâ€™m just explaining why Iâ€™m sassy.â€
sassy,â€œIâ€™m not a nerd; Iâ€™m just sassy and smart.â€
sassy,â€œIâ€™m not a hot mess; Iâ€™m a sassy masterpiece.â€
sassy,â€œIâ€™m not lost; Iâ€™m just on a sassy adventure.â€
sassy,â€œIâ€™m not a morning person; Iâ€™m a sassy coffee person.â€
sassy,â€œIâ€™m not shy; Iâ€™m just holding back my sassiness.â€
sassy,â€œIâ€™m not clumsy; the floor just loves my sassy moves.â€
sassy,â€œIâ€™m not late; Iâ€™m just sassily on time-ish.â€
sassy,â€œIâ€™m not ignoring you; Iâ€™m just busy being sassy.â€
sassy,â€œIâ€™m not a shopaholic; Iâ€™m just sassy shopping.â€
sassy,â€œIâ€™m not a party girl; Iâ€™m just a sassy party animal.â€
sassy,â€œIâ€™m not a drama queen; Iâ€™m just a sassy princess.â€
sassy,â€œIâ€™m not a diva; Iâ€™m just sassily confident.â€
sassy,â€œIâ€™m not a snack; Iâ€™m a sassy feast.â€
sassy,â€œIâ€™m not a rebel; Iâ€™m just sassily unconventional.â€
sassy,â€œIâ€™m not a flirt; Iâ€™m just sassily charming.â€
sassy,â€œIâ€™m not a dreamer; Iâ€™m just sassily ambitious.â€
sassy,â€œIâ€™m not a follower; Iâ€™m just sassily inspired.â€
sassy,Seasonal Instagram Captions
seasonal,"â€œSeasons change, and so do we.â€"
seasonal,â€œFall in love with autumn.â€
seasonal,"â€œSpring is natureâ€™s way of saying, â€˜Letâ€™s party!'â€"
seasonal,â€œWinter is a time for comfort and warmth.â€
seasonal,"â€œSummer loving, having a blast.â€"
seasonal,â€œEvery season is a new beginning.â€
seasonal,â€œAutumn shows us how beautiful it is to let things go.â€
seasonal,â€œSpring: a lovely reminder of how beautiful change can be.â€
seasonal,â€œWinter is not a season; itâ€™s a celebration.â€
seasonal,â€œSummer means happy times and good sunshine.â€
seasonal,â€œFall for own kind of autumnâ€™s beauty.â€
seasonal,â€œSpring forward with fresh starts.â€
seasonal,â€œWinterâ€™s chill brings cozy thrills.â€
seasonal,"â€œSummerâ€™s glow, winterâ€™s snow.â€"
seasonal,"â€œFallâ€™s colors, springâ€™s flowers.â€"
seasonal,"â€œSpringâ€™s rain, summerâ€™s gain.â€"
seasonal,"â€œWinterâ€™s freeze, autumnâ€™s breeze.â€"
seasonal,"â€œSummerâ€™s heat, fallâ€™s retreat.â€"
seasonal,"â€œSpringâ€™s bloom, winterâ€™s gloom.â€"
seasonal,"â€œSeasons may change, but memories last forever.â€"
seasonal,Spring Instagram Captions
spring,â€œSpring is in the air.â€
spring,â€œBloom where you are planted.â€
spring,â€œSpring: a lovely reminder of how beautiful change can be.â€
spring,â€œNo winter lasts forever; no spring skips its turn.â€
spring,"â€œSpring is natureâ€™s way of saying, â€˜Letâ€™s party!'â€"
spring,â€œA kind word is like a spring day.â€
spring,â€œSheâ€™s born in springâ€
spring,â€œSpring is my fave sound.â€
spring,â€œSpring adds new life and new beauty to all that is.â€
spring,â€œSpring is when lifeâ€™s alive in everything.â€
spring,â€œSpring is the time of plans and projects.â€
spring,"â€œSpring is when you feel like whistling, even with a shoe full of slush.â€"
spring,â€œSpring is the time of the year when it is summer in the sun and winter in the shade.â€
spring,"â€œSpring is Godâ€™s way of saying, â€˜One more time!'â€"
spring,â€œSpring is sooner recognized by plants than by men.â€
spring,â€œSpring is when lifeâ€™s alive in everything.â€
spring,â€œSpring unlocks the flowers to paint the laughing soil.â€
spring,"â€œSpring will come, and so will happiness.â€"
spring,â€œSpring work is going on with joyful enthusiasm.â€
spring,â€œSpring shows what God can do with a drab and dirty world.â€
spring,â€œSpring makes everything young again.â€
spring,"â€œSpring is painted in daffodil yellows, robin egg blues, new grass green, and the brightness of hope.â€"
spring,Baddie Instagram Captions
baddie,â€œIâ€™m the queen of my own little world.â€
baddie,â€œI donâ€™t work for the money; I make the money work for me.â€
baddie,"â€œIâ€™m not a businessman; Iâ€™m a business, man.â€"
baddie,â€œI donâ€™t need a king to be a queen.â€
baddie,â€œIâ€™m everything you want but canâ€™t have.â€
baddie,â€œIâ€™m not mean; Iâ€™m just brutally honest. Itâ€™s not my fault that truth hurts. Hereâ€™s a band-aid.â€
baddie,â€œIâ€™m not a second option; you either choose me or lose me.â€
baddie,â€œIâ€™m not picky; I just know what I want.â€
baddie,â€œIâ€™m not shy; I just donâ€™t like you.â€
baddie,â€œIâ€™m not difficult; Iâ€™m just â€™bout my business.â€
baddie,â€œIâ€™m not bossy; Iâ€™m the boss.â€
baddie,â€œIâ€™m not heartless; I just learned how to use my heart less.â€
baddie,"â€œIâ€™m not rude; Iâ€™m honest. I just speak whatâ€™s on my mind, even if most canâ€™t handle the truth.â€"
baddie,â€œIâ€™m not beautiful like you; Iâ€™m beautiful like me.â€
baddie,â€œIâ€™m not anti-social; Iâ€™m anti-stupid.â€
baddie,â€œIâ€™m not weird; Iâ€™m a limited edition.â€
baddie,â€œIâ€™m not fat; itâ€™s just my awesomeness swelling up inside me.â€
baddie,â€œIâ€™m not short; Iâ€™m concentrated awesome.â€
baddie,â€œIâ€™m not arguing; Iâ€™m just explaining why Iâ€™m right.â€
baddie,â€œIâ€™m not ignoring you; Iâ€™m busy building my empire.â€
baddie,Short Instagram Captions
short,â€œLess is more.â€
short,â€œSmile big.â€
short,â€œStay true.â€
short,â€œDream big.â€
short,â€œBe kind.â€
short,â€œLove life.â€
short,â€œStay gold.â€
short,â€œChase dreams.â€
short,â€œEmbrace joy.â€
short,â€œLaugh often.â€
short,â€œChoose happy.â€
short,â€œBe brave.â€
short,â€œStay wild.â€
short,â€œTwice the fun.â€
short,â€œJust the beginning.â€
short,â€œWonderful world.â€
short,â€œAwkward moment.â€
short,â€œBest friend.â€
short,â€œLetâ€™s wear cute pajamas.â€
short,â€œOnly real mistake.â€
short,â€œNever a failure.â€
short,â€œMy good friend.â€
short,â€œAlways a lesson.â€
short,â€œBe your own reason.â€
short,â€œHalf the trouble.â€
short,â€œLove more.â€
short,â€œFear less.â€
short,â€œShine bright.â€
short,â€œLive free.â€
short,â€œStay humble.â€
short,â€œBe bold.â€
short,â€œKeep going.â€
short,New Yearâ€™s Instagram Captions
new_year,"â€œNew year, new me.â€"
new_year,â€œCheers to a new year and another chance for us to get it right.â€
new_year,"â€œHello, New Year! Iâ€™m ready for you!â€"
new_year,â€œNew Yearâ€™s Day is every manâ€™s birthday.â€
new_year,"â€œNew Year, new feels, new chances, same dreams, fresh starts.â€"
new_year,"â€œOut with the old, in with the new.â€"
new_year,â€œPage 1 of 365.â€
new_year,â€œThe best is yet to come.â€
new_year,â€œThis is the beginning of anything you want.â€
new_year,â€œTomorrow is the first blank page of a 365-page book. Write a good one.â€
new_year,"â€œWelcome, New Year! Letâ€™s eat, drink, and be merry!â€"
new_year,â€œWhatâ€™s coming is better than whatâ€™s gone.â€
new_year,â€œYou are never too old to set another goal or to dream a new dream.â€
new_year,â€œA New Yearâ€™s resolution is something that goes in one year and out the other.â€
new_year,"â€œAnd now we welcome the New Year, full of things that have never been.â€"
new_year,â€œCelebrate what you want to see more of.â€
new_year,â€œCheers to a new year and another chance for us to get it right.â€
new_year,"â€œEvery New Yearâ€™s Eve, I look up to the sky and ask, â€˜Is today the day youâ€™re coming back, old friend?'â€"
new_year,"â€œHappy New Year, have more ideas, success, love, and never regret!â€"
new_year,â€œHereâ€™s to 12 new chapters and 365 new chances.â€
new_year,Love Instagram Captions
love,â€œLove is in the air.â€
love,â€œYou are my today and all of my tomorrows.â€
love,â€œLove is the only gold.â€
love,â€œLove is the flower; youâ€™ve got to let grow.â€
love,â€œLove is composed of a single soul inhabiting two bodies.â€
love,â€œLove is when the other personâ€™s happiness is more important than your own.â€
love,"â€œLove is not about how many days, weeks, or months youâ€™ve been together; itâ€™s about how much you love each other every day.â€"
love,â€œLove is not finding someone to live with; itâ€™s finding someone you canâ€™t live without.â€
love,â€œLove is an endless act of forgiveness.â€
love,â€œLove is the beauty of the soul.â€
love,â€œLove is a friendship set to music.â€
love,â€œLove is a game that two can play and both win.â€
love,â€œLove is a canvas furnished by nature and embroidered by imagination.â€
love,â€œLove is a better teacher than duty.â€
love,â€œLove is a great master. It teaches us to be what we never were.â€
love,â€œLove is a fruit in season at all times and within reach of every hand.â€
love,â€œLove is a force more formidable than any other.â€
love,"â€œLove is a fire. But whether it is going to warm your hearth or burn down your house, you can never tell.â€"
love,â€œLove is a choice you make from moment to moment.â€
love,â€œLove is a mutual self-giving which ends in self-recovery.â€
love,Travel Instagram Captions
travel,â€œAdventure awaits.â€
travel,â€œTravel far and wide.â€
travel,"â€œWander often, wonder always.â€"
travel,â€œExplore the unexplored.â€
travel,â€œTravel is the only thing you buy that makes you richer.â€
travel,"â€œTake only memories, leave only footprints.â€"
travel,"â€œTravel, because money returns. Time doesnâ€™t.â€"
travel,â€œThe journey is the destination.â€
travel,â€œTravel is never a matter of money but of courage.â€
travel,"â€œTravel makes one modest, you see what a tiny place you occupy in the world.â€"
travel,â€œTravel expands the mind and fills the gap.â€
travel,â€œTravel is the healthiest addiction.â€
travel,"â€œTravel is fatal to prejudice, bigotry, and narrow-mindedness.â€"
travel,"â€œTravel is more than the seeing of sights; it is a change that goes on, deep and permanent, in the ideas of living.â€"
travel,"â€œTravel is like a giant blank canvas, and the painting on the canvas is only limited by oneâ€™s imagination.â€"
travel,â€œTravel is glamorous only in retrospect.â€
travel,â€œTravel is about the gorgeous feeling of teetering in the unknown.â€
travel,â€œTravel is an investment in yourself.â€
travel,â€œTravel is not reward for working; itâ€™s education for living.â€
travel,â€œTravel is the only context in which some people ever look around.â€
travel,Inspirational Instagram Captions
inspirational,â€œBelieve in yourself and all that you are.â€
inspirational,â€œThe only way to do great work is to love what you do.â€
inspirational,â€œThe future belongs to those who believe in the beauty of their dreams.â€
inspirational,â€œThe only thing standing between you and your goal is the story you keep telling yourself.â€
inspirational,"â€œThe harder you work for something, the greater youâ€™ll feel when you achieve it.â€"
inspirational,â€œThe best time for a new beginning is now.â€
inspirational,â€œThe biggest risk is not taking any risk.â€
inspirational,â€œThe only limit to our realization of tomorrow will be our doubts of today.â€
inspirational,â€œThe only way to achieve the impossible is to believe it is possible.â€
inspirational,â€œThe road to success and the road to failure are almost exactly the same.â€
inspirational,â€œThe secret of getting ahead is getting started.â€
inspirational,â€œThe way to get started is to quit talking and begin doing.â€
inspirational,â€œThe best revenge is massive success.â€
inspirational,â€œThe best way to predict the future is to create it.â€
inspirational,â€œThe future depends on what you do today.â€
inspirational,"â€œThe key to success is to focus on goals, not obstacles.â€"
inspirational,â€œThe only place where success comes before work is in the dictionary.â€
inspirational,"â€œThe purpose of life is not to be happy. It is to be useful, to be honorable, to be compassionate, to have it make some difference that you have lived and lived well.â€"
inspirational,â€œThe road to success is always under construction.â€
inspirational,â€œThe secret of success is to do the common thing uncommonly well.â€
inspirational,Fitness Instagram Captions
fitness,â€œSweat is just fat crying.â€
fitness,â€œThe only bad workout is the one that didnâ€™t happen.â€
fitness,â€œThe pain you feel today will be the strength you feel tomorrow.â€
fitness,â€œThe body achieves what the mind believes.â€
fitness,"â€œThe harder you work for something, the greater youâ€™ll feel when you achieve it.â€"
fitness,â€œThe only way to finish is to start.â€
fitness,â€œThe difference between try and triumph is a little â€˜umph.'â€
fitness,â€œThe only place where success comes before work is in the dictionary.â€
fitness,â€œThe best project youâ€™ll ever work on is you.â€
fitness,â€œThe only bad workout is the one that didnâ€™t happen.â€
fitness,â€œThe only disability in life is a bad attitude.â€
fitness,â€œThe only way to finish is to start.â€
fitness,â€œThe pain you feel today will be the strength you feel tomorrow.â€
fitness,"â€œThe road may be bumpy, but stay committed to the process.â€"
fitness,â€œThe struggle youâ€™re in today is developing the strength you need for tomorrow.â€
fitness,â€œThe will to win means nothing without the will to prepare.â€
fitness,"â€œThe workout is a celebration of what your body can do, not a punishment for what you ate.â€"
fitness,"â€œThe harder you work for something, the greater youâ€™ll feel when you achieve it.â€"
fitness,â€œThe only way to finish is to start.â€
fitness,â€œThe best way to predict your health is to create it.â€
fitness,Food Instagram Captions
food,â€œLife is short; eat dessert first.â€
food,â€œYou canâ€™t live a full life on an empty stomach.â€
food,â€œGood food is good mood.â€
food,â€œFood is symbolic of love when words are inadequate.â€
food,â€œFood is the ingredient that binds us together.â€
food,â€œFood tastes better when you eat it with your family.â€
food,"â€œFood is our common ground, a universal experience.â€"
food,â€œFood is not just eating energy. Itâ€™s an experience.â€
food,â€œFood is the most primitive form of comfort.â€
food,â€œFood brings people together on many different levels.â€
food,â€œFood is really and truly the most effective medicine.â€
food,"â€œFood is not rational. Food is culture, habit, craving, and identity.â€"
food,â€œFood is art and magic; it evokes emotion and colors memory.â€
food,â€œFood is not about impressing people. Itâ€™s about making them feel comfortable.â€
food,"â€œFood is everything we are. Itâ€™s an extension of nationalist feeling, ethnic feeling, your personal history, your province, your region, your tribe, your grandma.â€"
food,"â€œFood is a way of expressing your creativity, your mastery, and your love for others.â€"
food,â€œFood is like a legal drug. You can take 50 cents and walk into the store and buy a Twinkie and get high. Or a bag of potato chips and get high.â€
food,"â€œFood is not just fuel. Food is about family, food is about community, food is about identity. And we nourish all those things when we eat well.â€"
food,â€œFood is not the enemy; itâ€™s the rehab needed.â€
food,â€œFood is the most abused anxiety drug. Exercise is the most underutilized antidepressant.â€
food,Wedding Instagram Captions
wedding,â€œHereâ€™s to love and laughter and happily ever after.â€
wedding,"â€œA successful marriage requires falling in love many times, always with the same person.â€"
wedding,â€œLove is just a word until someone comes along and gives it meaning.â€
wedding,â€œA great marriage is not when the â€˜perfect coupleâ€™ comes together. Itâ€™s when an imperfect couple learns to enjoy their differences.â€
wedding,â€œMarriage is not just spiritual communion; it is also remembering to take out the trash.â€
wedding,â€œMarriage is a mosaic you build with your spouse. Millions of tiny moments that create your love story.â€
wedding,â€œMarriage is not a noun; itâ€™s a verb. It isnâ€™t something you get. Itâ€™s something you do. Itâ€™s the way you love your partner every day.â€
wedding,â€œMarriage is the golden ring in a chain whose beginning is a glance and whose ending is eternity.â€
wedding,"â€œMarriage is a commitment- a decision to do, all through life, that which will express your love for oneâ€™s spouse.â€"
wedding,"â€œMarriage is a risk; I think itâ€™s a great and glorious risk, as long as you embark on the adventure in the same spirit.â€"
wedding,â€œMarriage is a workshopâ€¦ where the husband works & wife shops.â€
wedding,"â€œMarriage is not just spiritual communion, it is also remembering to take out the trash.â€"
wedding,â€œMarriage is the bond between a person who never remembers anniversaries and another who never forgets them.â€
wedding,â€œMarriage is when a man and woman become as one; the trouble starts when they try to decide which one.â€
wedding,"â€œMarriage is a relationship in which one person is always right, and the other is the husband.â€"
wedding,"â€œMarriage is a three-ring circus: engagement ring, wedding ring, and suffering.â€"
wedding,"â€œMarriage is a fine institution, but I prefer only empty heads.â€"
wedding,"â€œMarriage is a great institution, but Iâ€™m not ready for an institution yet.â€"
wedding,"â€œMarriage is a wonderful institution, but who wants to live in an institution?â€"
wedding,â€œMarriage is grand â€” and divorce is at least 100 grand.â€
wedding,Nature Instagram Captions
nature,"â€œNature does not hurry, yet everything is accomplished.â€"
nature,â€œNature is not a place to visit. It is home.â€
nature,â€œNature is the art of God.â€
nature,â€œNature is not on the internet.â€
nature,"â€œNature is painting for us, day after day, pictures of infinite beauty.â€"
nature,â€œNature is pleased with simplicity.â€
nature,â€œNature never goes out of style.â€
nature,â€œNature always wears the colors of the spirit.â€
nature,â€œNatureâ€™s beauty is a gift that cultivates appreciation and gratitude.â€
nature,â€œNatureâ€™s peace will flow into you as sunshine flows into trees.â€
nature,"â€œNatureâ€™s way is simple and easy, but men prefer what is intricate and artificial.â€"
nature,"â€œNature does not hurry, yet everything is accomplished.â€"
nature,â€œNature always wears the colors of the spirit.â€
nature,"â€œNature is not our enemy, to be raped and conquered. Nature is ourselves, to be cherished and explored.â€"
nature,"â€œNature is indifferent to our love, but never unfaithful.â€"
nature,â€œNature is not a place to visit. It is home.â€
nature,â€œNature is not human-hearted.â€
nature,â€œNature is the greatest place to heal and recharge.â€
nature,â€œNature is not only all that is visible to the eyeâ€¦ it also includes the inner pictures of the soul.â€
nature,â€œNature is one of the most underutilized treasures in life. It has the power to unburden hearts and reconnect to that inner place of peace.â€
nature,Family Instagram Captions
family,â€œFamily is not an important thing. Itâ€™s everything.â€
family,â€œFamily is where life begins and love never ends.â€
family,â€œFamily means no one gets left behind or forgotten.â€
family,â€œFamily is a gift that lasts forever.â€
family,â€œFamily is the compass that guides us.â€
family,â€œFamily is the heart of a home.â€
family,"â€œFamily is a circle of love, not broken by a loss, but made stronger by the memories.â€"
family,â€œFamily is a circle of strength and love.â€
family,â€œFamily is a life jacket in the stormy sea of life.â€
family,â€œFamily is a link to our past and a bridge to our future.â€
family,"â€œFamily is a unique gift that needs to be appreciated and treasured, even when theyâ€™re driving you crazy.â€"
family,â€œFamily is anyone who loves you unconditionally.â€
family,â€œFamily is forever.â€
family,"â€œFamily is like branches on a tree. We all grow in different directions, yet our roots remain as one.â€"
family,â€œFamily is like fudge â€“ mostly sweet with a few nuts.â€
family,"â€œFamily is like music; some high notes, some low notes, but always a beautiful song.â€"
family,â€œFamily is not defined by our genes; it is built and maintained through love.â€
family,â€œFamily is not about blood. Itâ€™s about who is willing to hold your hand when you need it the most.â€
family,â€œFamily is the best thing you could ever wish for. They are there for you during the ups and downs and love you no matter what.â€
family,â€œFamily is what happens when two people fall in love.â€
family,Motivational Instagram Captions
motivational,â€œDream big and dare to fail.â€
motivational,"â€œSuccess is not in what you have, but who you are.â€"
motivational,â€œThe only way to do great work is to love what you do.â€
motivational,â€œThe future belongs to those who believe in the beauty of their dreams.â€
motivational,â€œThe only thing standing between you and your goal is the story you keep telling yourself.â€
motivational,"â€œThe harder you work for something, the greater youâ€™ll feel when you achieve it.â€"
motivational,â€œThe best time for a new beginning is now.â€
motivational,â€œThe biggest risk is not taking any risk.â€
motivational,â€œThe only way to achieve the impossible is to believe it is possible.â€
motivational,â€œThe road to success and the road to failure are almost exactly the same.â€
motivational,â€œThe secret of getting ahead is getting started.â€
motivational,â€œThe way to get started is to quit talking and begin doing.â€
motivational,â€œThe best revenge is massive success.â€
motivational,â€œThe best way to predict the future is to create it.â€
motivational,â€œThe future depends on what you do today.â€
motivational,"â€œThe key to success is to focus on goals, not obstacles.â€"
motivational,â€œThe only place where success comes before work is in the dictionary.â€
motivational,"â€œThe purpose of life is not to be happy. It is to be useful, to be honorable, to be compassionate, to have it make some difference that you have lived and lived well.â€"
motivational,â€œThe road to success is always under construction.â€
motivational,â€œThe secret of success is to do the common thing uncommonly well.â€
motivational,Pet Instagram Captions
pets,â€œPets are humanizing. They remind us we have an obligation and responsibility to preserve and nurture and care for all life.â€
pets,â€œA house is not a home without a pet.â€
pets,"â€œPets are not our whole life, but they make our lives whole.â€"
pets,â€œThe greatness of a nation can be judged by the way its animals are treated.â€
pets,â€œPets have more love and compassion in them than most humans.â€
pets,â€œThe purity of a personâ€™s heart can be quickly measured by how they regard animals.â€
pets,â€œAnimals are such agreeable friends â€“ they ask no questions; they pass no criticisms.â€
pets,â€œThe best therapist has fur and four legs.â€
pets,â€œPets are bundles of love wrapped in fur.â€
pets,â€œA pet is the only thing on earth that loves you more than he loves himself.â€
pets,"â€œAnimals are not property or â€˜thingsâ€™ but rather living organisms, subjects of a life, who are worthy of our compassion, respect, friendship, and support.â€"
pets,"â€œPets are not our whole lives, but they make our lives whole.â€"
pets,"â€œAnimals are reliable, many full of love, true in their affections, predictable in their actions, grateful, and loyal.â€"
pets,â€œPets understand the true meaning of loyalty.â€
pets,"â€œA pet is a lifetime commitment, not a Christmas present or a Happy Birthday song.â€"
pets,"â€œPets are not our whole life, but they make our lives whole.â€"
pets,â€œAnimals are such agreeable friends â€“ they ask no questions; they pass no criticisms.â€
pets,â€œThe best therapist has fur and four legs.â€
pets,â€œPets are bundles of love wrapped in fur.â€
pets,â€œA pet is the only thing on earth that loves you more than he loves himself.â€
pets,Adventure Instagram Captions
misc,â€œAdventure is worthwhile in itself.â€
misc,â€œLife is either a daring adventure or nothing at all.â€
misc,â€œAdventure is out there.â€
misc,â€œThe biggest adventure you can take is to live the life of your dreams.â€
misc,â€œAdventure is not outside man; it is within.â€
misc,â€œAdventure is the key to happiness.â€
misc,"â€œAdventure may hurt you, but monotony will kill you.â€"
misc,â€œAdventure without risk is Disneyland.â€
misc,â€œAdventure should be part of everyoneâ€™s life. It is the whole difference between being fully alive and just existing.â€
misc,â€œAdventure is allowing the unexpected to happen to you.â€
misc,"â€œAdventure is a path. Real adventure â€“ self-determined, self-motivated, often risky â€“ forces you to have firsthand encounters with the world.â€"
misc,â€œAdventure is in the eye of the beholder.â€
misc,â€œAdventure is just bad planning.â€
misc,â€œAdventure is not outside; it is within.â€
misc,â€œAdventure is worthwhile.â€
misc,â€œAdventure must start with running away from home.â€
misc,â€œAdventure only comes to those who dare to be great.â€
misc,â€œAdventure starts where plans end.â€
misc,â€œAdventure without risk is Disneyland.â€
misc,â€œAdventure. The pursuit of life.â€
misc,Friendship Instagram Captions
friends,â€œFriends are the family we choose for ourselves.â€
friends,â€œA friend is someone who knows all about you and still loves you.â€
friends,â€œFriends are the sunshine of life.â€
friends,â€œA true friend is someone who is there for you when they would rather be somewhere else.â€
friends,â€œFriendship is the only cement that will ever hold the world together.â€
friends,"â€œFriendship is born at that moment when one person says to another, â€˜What! You too? I thought I was the only one.'â€"
friends,â€œFriendship is the golden thread that ties the heart of all the world.â€
friends,â€œFriendship is a sheltering tree.â€
friends,â€œFriendship is the only rose without thorns.â€
friends,â€œFriendship is a wildly underrated medication.â€
friends,"â€œFriendship is the hardest thing in the world to explain. Itâ€™s not something you learn in school. But if you havenâ€™t learned the meaning of friendship, you really havenâ€™t learned anything.â€"
friends,â€œFriendship is the only cement that will ever hold the world together.â€
friends,â€œFriendship is the purest love.â€
friends,â€œFriendship is a plant of slow growth and must undergo and withstand the shocks of adversity before it is entitled to the appellation.â€
friends,â€œFriendship is a strong and habitual inclination in two persons to promote the good and happiness of one another.â€
friends,â€œFriendship is a single soul dwelling in two bodies.â€
friends,â€œFriendship is a sheltering tree.â€
friends,"â€œFriendship is the source of the greatest pleasures, and without friends even the most agreeable pursuits become tedious.â€"
friends,"â€œFriendship is like money, easier made than kept.â€"
friends,â€œFriendship is love without his wings.â€
friends,Fashion Instagram Captions
fashion,â€œFashion is about dressing according to whatâ€™s fashionable. Style is more about being yourself.â€
fashion,â€œFashion is what you buy. Style is what you do with it.â€
fashion,â€œFashion is the armor to survive the reality of everyday life.â€
fashion,"â€œFashion is not something that exists in dresses only. Fashion is in the sky, in the street, fashion has to do with ideas, the way we live, what is happening.â€"
fashion,"â€œFashion is very important. It is life-enhancing, and like everything that gives pleasure, it is worth doing well.â€"
fashion,â€œFashion is instant language.â€
fashion,â€œFashion is not necessarily about labels. Itâ€™s not about brands. Itâ€™s about something else that comes from within you.â€
fashion,â€œFashion is about dreaming and making other people dream.â€
fashion,"â€œFashion is the most powerful art there is. Itâ€™s movement, design, and architecture all in one. It shows the world who we are and who weâ€™d like to be.â€"
fashion,"â€œFashion is not something that exists in dresses only. Fashion is in the sky, in the street; fashion has to do with ideas, the way we live, what is happening.â€"
fashion,â€œFashion is a language that creates itself in clothes to interpret reality.â€
fashion,â€œFashion is not art. Neither is architecture.â€
fashion,â€œFashion is a form of ugliness so intolerable that we have to alter it every six months.â€
fashion,â€œFashion is not about clothes; it is about a look.â€
fashion,â€œFashion is a playground up until a certain age. But then you have to find your own signature and your own style.â€
fashion,"â€œFashion is about suspense, surprise, and fantasy. Itâ€™s not about rules.â€"
fashion,â€œFashion is about comfort and feeling good.â€
fashion,"â€œFashion is about going ahead, not about memory.â€"
fashion,â€œFashion is about two things: the evolution and the opposite.â€
fashion,â€œFashion is a tool to compete in life outside the home.â€
fashion,Music Instagram Captions
music,"â€œMusic is the divine way to tell beautiful, poetic things to the heart.â€"
music,â€œMusic is the soundtrack of your life.â€
music,â€œMusic is the strongest form of magic.â€
music,â€œMusic is the wine that fills the cup of silence.â€
music,â€œMusic is the shorthand of emotion.â€
music,â€œMusic is the poetry of the air.â€
music,â€œMusic is the universal language of mankind.â€
music,â€œMusic is the voice of the soul.â€
music,â€œMusic is the literature of the heart; it commences where speech ends.â€
music,"â€œMusic is the divine way to tell beautiful, poetic things to the heart.â€"
music,â€œMusic is the only language in which you cannot say a mean or sarcastic thing.â€
music,â€œMusic is the tool to express life â€“ and all that makes a difference.â€
music,â€œMusic is the wine that fills the cup of silence.â€
music,â€œMusic is the movement of sound to reach the soul for the education of its virtue.â€
music,â€œMusic is the mediator between the spiritual and the sensual life.â€
music,â€œMusic is the melody whose text is the world.â€
music,â€œMusic is the moonlight in the gloomy night of life.â€
music,â€œMusic is the only thing Iâ€™ve ever known that doesnâ€™t have any rules at all.â€
music,â€œMusic is the only language in which you cannot say a mean or sarcastic thing.â€
music,â€œMusic is the art of thinking with sounds.â€
music,Art Instagram Captions
art,â€œArt is the only way to run away without leaving home.â€
art,"â€œArt is not what you see, but what you make others see.â€"
art,â€œArt is the lie that enables us to realize the truth.â€
art,â€œArt is the most beautiful of all lies.â€
art,â€œArt is the only serious thing in the world. And the artist is the only person who is never serious.â€
art,â€œArt is the proper task of life.â€
art,â€œArt is the stored honey of the human soul.â€
art,â€œArt is the tree of life. Science is the tree of death.â€
art,â€œArt is the most intense mode of individualism that the world has known.â€
art,â€œArt is the only way to run away without leaving home.â€
art,â€œArt is the daughter of freedom.â€
art,â€œArt is the most beautiful of all lies.â€
art,â€œArt is the only serious thing in the world. And the artist is the only person who is never serious.â€
art,â€œArt is the proper task of life.â€
art,â€œArt is the stored honey of the human soul.â€
art,â€œArt is the tree of life. Science is the tree of death.â€
art,â€œArt is the most intense mode of individualism that the world has known.â€
art,â€œArt is the only way to run away without leaving home.â€
art,â€œArt is the daughter of freedom.â€
art,â€œArt is the mosInstagrm t beautiful of all lies.â€
art,Holiday Instagram Captions
holiday,"â€œHolidays are about experiences and people, and tuning into what you feel like doing at that moment. Enjoy not having to look at a watch.â€"
holiday,â€œThe best way to spread holiday cheer is singing loud for all to hear.â€
holiday,â€œHolidays are a time when you journey to discover the treasure of loving family and happy friends.â€
holiday,â€œThe holiday season is a perfect time to reflect on our blessings and seek out ways to make life better for those around us.â€
holiday,â€œHolidays are all different depending on the company and time of your life.â€
holiday,â€œThe joy of brightening other lives becomes for us the magic of the holidays.â€
holiday,â€œHolidays are about creating happy memories that will last a lifetime.â€
holiday,â€œThe best of all gifts around any holiday tree: the presence of a happy family all wrapped up in each other.â€
holiday,"â€œHappy Birthday to you, Happy Birthday to you!â€"
holiday,:Letâ€™s do some wild things this Christmas1â€³
holiday,â€œHolidays are a time to celebrate the joy and warmth of the season and share in the love of friends and family.â€
holiday,â€œThe best thing about the holidays is the opportunity to express our gratitude to those we love; to sum up in gifts what is impossible to sum up in words.â€
holiday,â€œHolidays are a time for sharing love and being together. What a wonderful life.â€
holiday,â€œThe holidays are a time to open our hearts to God and his gifts. Just like the rest of the year.â€
holiday,"â€œHolidays are a time to gather with friends and family, to appreciate the bonds and friendship that we have.â€"
holiday,"â€œThe holidays are a fresh snowfall, a fresh start, a time to look back with gratitude at the blessings of another year.â€"
holiday,"â€œHolidays are a time when we can all come together in joy, love, and harmony.â€"
holiday,"â€œThe holidays are a time when you can reflect on the love, joy, and blessings in your life.â€"
holiday,"â€œHolidays are a time to reflect, a time to be grateful, and a time to be with loved ones.â€"
holiday,"â€œThe holidays are a time to celebrate the love, joy, and blessings in our lives.â€"
holiday,"â€œHolidays are a time to reconnect with friends and family, to enjoy the warmth of loved ones.â€"
holiday,"â€œThe holidays are a time to embrace the joy of family and friends, to be grateful for the blessings of the past year, and to look forward to the new year with hope and excitement.â€"
holiday,Creative Marketing Instagram Captions
misc,â€œSpring into success with our latest offerings!â€
misc,â€œBlossom your business this spring with our top-notch services.â€
misc,"â€œNew season, new growth. Letâ€™s thrive together!â€"
misc,â€œRevitalize your brand this springâ€”letâ€™s make it bloom!â€
misc,â€œSpring forward with innovative solutions tailored for you.â€
misc,â€œFresh ideas for a fresh seasonâ€”join us in celebrating spring.â€
misc,â€œGrow your business with the seasonâ€™s brightest innovations.â€
misc,"â€œSpring is here, and so are our best deals of the year!â€"
misc,â€œStep into spring with a renewed business strategy.â€
misc,â€œLet your business flourish this spring with our expert support.â€
misc,â€œSpring clean your marketing plan and watch your business bloom.â€
misc,"â€œRenew, refresh, and revitalize your brand this spring.â€"
misc,â€œSpring is the perfect time to sow the seeds of success.â€
misc,â€œBlossom into greatness with our spring-inspired solutions.â€
misc,â€œAwaken your business potential with our spring services.â€
misc,â€œExperience the vibrant growth of spring with our unique offerings.â€
misc,â€œSpring into action and watch your brand grow.â€
misc,â€œLet the freshness of spring inspire your next big idea.â€
misc,â€œSpring brings new lifeâ€”bring new life to your business with us.â€
misc,â€œCelebrate the season of growth with our tailored marketing strategies.â€
books,Getting lost in another chapter ğŸ“–
books,Books are my escape into another world.
books,A cup of tea and a good book â€“ perfect combo.
birthday,Born to shine ğŸ‰
birthday,Another trip around the sun â˜€ï¸
birthday,"Cake, candles, and so much love!"
saree,Six yards of sheer elegance âœ¨
saree,Saree â€“ a timeless tale of tradition and grace.
saree,Wrapped in culture and confidence.
selfie,Selfie game strong ğŸ’â€â™€ï¸
selfie,"Just me, myself, and I ğŸ“¸"
selfie,Confidence captured in pixels.
cat,Purring my way through the day ğŸ¾
cat,Meow mode: activated!
cat,Every day is Caturday ğŸ˜º
dog,Pawsitively the best day ever ğŸ¶
dog,My dog thinks I'm cool ğŸ¾
dog,"Wag more, bark less."
group,"Squad goals, always ğŸ’¯"
group,"Good vibes, better people ğŸ‘¯"
group,Together is a wonderful place to be.
girls,Girls just wanna have sun â˜€ï¸
girls,Strong women lift each other up ğŸ‘‘
girls,Slaying with my sisters ğŸ’…
sunset,Chasing sunsets and dreams ğŸŒ‡
sunset,Sunset state of mind ğŸŒ…
sunset,Golden hour magic âœ¨
sky,"Sky above, earth below, peace within."
sky,Painted by the universe ğŸ¨
sky,Clouds come floating into my life â˜ï¸
study,Focus mode: ON ğŸ“š
study,"Late nights, big dreams âœï¸"
study,One step closer to the goal.
pool,"Pool hair, donâ€™t care ğŸ’¦"
pool,Floating into the weekend ğŸ’§
pool,Life is better by the pool.
bikini,"Sun, sea, and me ğŸ‘™"
bikini,Bikini mode: activated.
bikini,"Living salty, staying sweet ğŸ–ï¸"
flowers,Bloom where you are planted ğŸŒ¸
flowers,Petals speak louder than words.
flowers,Stop and smell the roses ğŸŒ¹
quotes,Be yourself; everyone else is already taken.
quotes,"Happiness is a direction, not a place."
quotes,Do it with passion or not at all.
